Symbol,Description,Price,Price - Currency,"Performance %, 3 months","Performance %, 6 months","Performance %, 1 month","Price change %, 1 day",Average daily range %,"Volume, 1 day","Average volume, 30 days","Relative volume, 1 day",Market capitalization,Market capitalization - Currency,"Revenue growth %, Quarterly YoY","Revenue growth %, TTM YoY",Sector,Industry,Upcoming earnings date
XHLD,"TEN Holdings, Inc.",8.92,USD,502.7027027027027,502.7027027027027,59.28571428571429,-28.81085395051875,18.693145419602818,4910622,7559942.4,1.4564270569278146,106838795.26895452,USD,-34.49820788530466,,Commercial services,Miscellaneous commercial services,2026-11-16
SWVL,Swvl Holdings Corp,5.51,USD,279.99999999999994,244.37499999999994,282.6388888888889,-22.55797610681659,20.448016593207157,552387,3006436.066666667,0.4897349615069368,54903533.457484186,USD,,40.45086050958886,Transportation,Other transportation,2027-05-04
NWGL,CL Workshop Group Limited,1.21,USD,260.87086191470326,15.23809523809523,205.32424930608127,-3.200000000000003,17.57969303423847,853930,1288759.8,0.5354302013909285,36066454,USD,,-32.131740216615405,Non-energy minerals,Forest products,
CYPH,Cypherpunk Technologies Inc.,2.58,USD,222.5,248.64864864864865,297.41219963031426,13.907284768211916,13.841638981173881,10558570,9425362.5,0.7452594514802575,278032116.6887417,USD,,,Health technology,Biotechnology,2026-11-16
MRNA,"Moderna, Inc.",146.69,USD,180.80015313935678,175.83678074464083,133.24852917792973,1.8892824894075146,7.310952153715779,10546639,24967429.066666666,0.670550542046802,58563910319.58513,USD,2.112676056338028,-27.61533463287849,Health technology,Biotechnology,2026-10-29
RCEL,"Avita Medical, Inc.",10.19,USD,161.28205128205127,131.06575963718817,27.215980024968786,3.1376518218623346,5.5726903126315035,333387,614156.9666666667,1.2671156601686766,315144578.8097166,USD,17.830383320999697,0.9962074677925217,Health technology,Medical specialties,2026-11-05
HOWL,"Werewolf Therapeutics, Inc.",0.9579,USD,147.83958602846053,10.078142955642381,139.47499999999997,-2.454175152749492,7.22450897051575,969053,13673406.433333334,0.9054720222578826,46553046.4802444,USD,,,Health technology,Pharmaceuticals: major,2026-11-05
BNC,CEA Industries Inc.,5.27,USD,139.5454545454545,66.77215189873415,108.300395256917,9.791666666666663,8.231499051233419,5552734,3131035.7,0.6580939687770238,216986203.77291667,USD,-4.568460309003729,187.74798884245592,Producer manufacturing,Trucks/Construction/Farm machinery,2026-12-30
LIFE,Ethos Technologies Inc.,39.36,USD,137.96856106408706,232.15189873417722,12.32876712328767,-2.211180124223604,6.21366869918698,983692,1608225.1333333333,0.8279362454448196,2509546594.870062,USD,113.35299215522964,83.24085876383994,Technology services,Packaged software,2026-12-02
TJGC,TJGC Group Limited,11.53,USD,131.9919517102616,517.4019533034217,195.6410256410256,3.038427167113493,8.9766447775988,1109982,1684027.0333333334,0.6303474275814185,116453263.77837354,USD,,-5.896746970571368,Electronic technology,Electronic equipment/Instruments,
IOVA,"Iovance Biotherapeutics, Inc.",9.26,USD,127.51842751842752,143.04461942257214,42.02453987730062,7.674418604651165,4.757405121875844,21028157,17051728.1,1.9813293982171467,4194515678.6837206,USD,65.65419001868162,34.52396232274092,Health technology,Biotechnology,2026-11-05
CDNA,"CareDx, Inc.",52.37,USD,117.39310917393108,202.1927293710329,11.342617199957482,4.1981695185037795,4.756949180283245,794940,1148542.6,0.712762413873645,2709321137.660963,USD,52.22602937274312,34.40553244177381,Health technology,Medical specialties,2026-11-10
TXG,"10x Genomics, Inc.",70.11,USD,116.92450495049505,291.2388392857143,22.677165354330707,2.2160664819944538,5.265185321026186,3361470,2978711.3333333335,1.4844513429469584,9134713268.07756,USD,-12.649501468989289,-4.27563284952193,Health technology,Biotechnology,2026-11-04
TEAM,Atlassian Corporation,192.77,USD,113.26474167496407,159.20398009950247,15.979784609830936,7.2732331663884375,4.723356479594614,3733494,4850746.866666666,1.040714134810593,48797569550.450874,USD,27.603326919111804,26.019652929417052,Technology services,Packaged software,2026-10-29
ARCT,Arcturus Therapeutics Holdings Inc.,15.29,USD,110.31636863823934,133.07926829268294,94.52926208651398,3.8017651052274184,9.406428104269807,595763,1245990.4,0.5696293182840376,434588711.1317039,USD,-96.4096287229757,-82.94748729532144,Health technology,Pharmaceuticals: major,2026-11-11
PLSE,"Pulse Biosciences, Inc",54.21,USD,107.22477064220183,144.96159060099413,21.820224719101127,2.0711730370928287,7.523506469549683,505750,551128.8,0.6190409278159722,3866398675.7493877,USD,,,Health technology,Medical specialties,2026-11-16
BRR,"ProCap Financial, Inc.",3.22,USD,100,12.982456140350882,90.53254437869825,3.2051282051282075,6.07808340727594,2147809,1006186.8333333334,1.4364419886325066,284550022.21153843,USD,,,Technology services,Internet software/Services,
ATRC,"AtriCure, Inc.",55.79,USD,99.0367463432037,91.06164383561644,27.636696408144584,2.291895856252292,3.4981179422836126,1154685,837398,1.1118951602225438,2837830637.636964,USD,12.828799976494611,13.936705164157729,Health technology,Medical specialties,2026-11-04
AVAH,Aveanna Healthcare Holdings Inc.,14.38,USD,99.03114186851214,105.72246065808297,20.738874895046184,2.1306818181818232,3.6242300814623296,2585216,3434347.2,0.885093208105448,3139019960.6292615,USD,13.727349364688163,19.52305030325963,Health services,Medical/Nursing services,2026-11-05
NEOV,NeoVolta Inc.,3.57,USD,98.33333333333331,-8.92857142857143,2.881844380403448,-2.9891304347826173,8.713285314125535,1190894,1845815.7,0.5362911378895268,210141795.7092391,USD,0.47728395490803444,324.6728189181262,Producer manufacturing,Electrical products,2026-09-23
CHYM,"Chime Financial, Inc.",33.97,USD,93.01136363636361,74.65295629820052,5.3986968662736645,2.939393939393936,3.715946843853748,9851807,9128935,1.3520933324998097,12860535691.561516,USD,10.605790483639382,17.506383731807418,Technology services,Packaged software,2026-11-11
RNXT,"RenovoRx, Inc.",1.69,USD,92.74635036496349,67.32673267326733,33.070866141732274,-3.9772727272727306,16.492814877430252,577918,1178483.4,0.24629151884770356,76268869.40340911,USD,115.40284360189574,198.48942598187313,Health technology,Pharmaceuticals: major,2026-11-16
CRDL,Cardiol Therapeutics Inc.,1.99,USD,91.34615384615384,93.20388349514563,15.028901734104046,-0.25062656641604586,7.842426417803237,1366031,1512757.4666666666,0.9077415305184947,232477112.93818182,USD,,,Health technology,Biotechnology,2026-11-12
RNG,"RingCentral, Inc.",72.32,USD,90.6670181914052,94.25194735428417,6.808447792054349,4.933255948926279,3.9879207490517974,1974238,1556688.1,1.4145100198501903,6039165595.9233885,USD,5.901534176448022,5.219097694332156,Technology services,Packaged software,2026-11-09
SLN,Silence Therapeutics Plc - American Depository Share,13.06,USD,87.9136690647482,81.38888888888889,-6.780870806566733,0.30721966205837886,5.359494640122548,1045190,1526225.7,1.424518470805951,783929547,USD,-100,-97.28996424812001,Commercial services,Miscellaneous commercial services,2026-11-17
VSTM,"Verastem, Inc.",7.51,USD,87.28179551122194,32.451499118165785,12.762762762762758,2.59562841530054,5.519212478599987,1514426,2122747.066666665,0.5818338932709668,680131438.7090164,USD,1775.4328497894246,3995.7416939635004,Health technology,Biotechnology,2026-11-11
OMER,Omeros Corporation,17.46,USD,86.93790149892935,56.171735241502695,0.6340057636887575,-4.485776805251642,4.538823433153287,1630181,2054653.7333333334,1.281739682728384,1263899997.8566737,USD,,,Health technology,Pharmaceuticals: major,2026-11-11
FCUV,Focus Universal Inc.,5.44,USD,83.61009855542055,-68.44547563805104,1.3035381750465602,-4.561403508771926,39.48975840336135,65321,782247.6666666666,0.11916363441331781,3822932.3228070172,USD,1811.0387772431363,73.81305963513579,Commercial services,Advertising/Marketing services,2026-12-02
INSP,"Inspire Medical Systems, Inc.",74.32,USD,79.9951562121579,34.931009440813355,27.89537084839097,1.8082191780821826,4.113072812547754,1172062,696637.7,1.6799512438578241,2148619113.777534,USD,-7.602977621772017,4.345695868628325,Health technology,Medical specialties,2026-11-09
CELU,Celularity Inc.,1.4,USD,79.48717948717946,13.442994895065224,98.98206460947637,-0.7092198581560291,25.954081632653086,204955,8176077,0.09250795472271489,40524344.397163115,USD,-77.36598279285242,-51.03282921431206,Commercial services,Miscellaneous commercial services,2026-11-13
GPRO,"GoPro, Inc.",1.35,USD,79.47354427014093,88.0222841225627,110.9704641350211,-2.173913043478247,18.119841269841274,20460936,62455724.2,0.11882334981982996,252642686.08695653,USD,-31.25528193235196,-23.856114183019052,Consumer durables,Electronics/Appliances,2026-11-05
NEO,"NeoGenomics, Inc.",18.41,USD,78.91156462585036,125.61274509803921,12.3931623931624,6.293302540415703,4.723481027391916,1501151,1721524.7333333334,1.032904220052386,2365232685.8579674,USD,11.209397231566756,11.187932482961859,Health services,Medical/Nursing services,2026-11-10
ENSC,"Ensysce Biosciences, Inc.",0.4814,USD,78.3623564283068,1.347368421052635,41.96402241226776,-1.1295953994660106,9.177844382455929,418529,29282890.5,0.5768835286009742,9366500.632984186,USD,-15.102614919522427,-39.291573112668644,Health technology,Biotechnology,2026-11-16
ASST,"Strive, Inc.",29.03,USD,76.25986642380087,173.09501411100655,131.49920255183414,5.1049963794351925,7.545913094827945,9749778,7798981.7,0.8977605943203645,2707412395.11803,USD,-19.196116796241466,650.3060458871381,Finance,Financial conglomerates,2026-11-13
GTLB,GitLab Inc.,49.25,USD,74.7693399574166,118.40354767184036,12.674445207046439,4.809533943392206,4.514343727338713,3353310,5450171.766666667,0.4211546427561027,8205789043.466694,USD,21.31462959823699,22.987433955710536,Technology services,Packaged software,2026-12-07
CLMT,"Calumet, Inc",56.55,USD,72.19853836784407,97.5200838281523,15.715162676488644,-0.44014084507042256,4.03393962359483,1312101,1274800.0333333334,1.002172683669906,4970644924.420774,USD,40.76563413208652,12.799724842767295,Energy minerals,Oil refining/Marketing,2026-11-06
GTEC,Greenland Technologies Holding Corporation,1.08,USD,71.42857142857144,44.00000000000001,42.10526315789475,2.8571428571428594,7.746369047619077,173224,804144.9666666667,1.0211463550361715,28667758.62857143,USD,37.55811406244979,25.871164086392888,Producer manufacturing,Industrial machinery,2026-11-05
ANGX,"Angel Studios, Inc.",5.48,USD,71.25,58.84057971014493,27.14617169373552,0.5504587155963349,5.037799791449336,2339504,1608472.4,1.5903618323601747,1023424633.6,USD,27.45792468711368,,Consumer services,Movies/Entertainment,2026-11-12
CVI,CVR Energy Inc.,48.63,USD,70.63157894736842,60.4950495049505,35.76214405360135,-2.0741039065646274,4.857216297993575,1670714,1029941.5333333333,1.367161493094448,4888803135.776279,USD,55.47984099943214,17.879504661193824,Energy minerals,Oil refining/Marketing,2026-11-02
DK,"Delek US Holdings, Inc.",74.47,USD,69.25,71.94643269452781,8.842443729903533,-2.141918528252294,5.492930998100857,2122120,1731408,1.0122509303524405,4559959900.509068,USD,47.83332127613398,11.40114205458947,Energy minerals,Oil refining/Marketing,2026-11-11
SGMT,Sagimet Biosciences Inc. - Series A,10.88,USD,68.94409937888199,110.44487427466153,15.498938428874744,0,4.6408876050420185,516688,1279425.8333333333,0.525056027939686,670111825.9999999,USD,,,Health technology,Pharmaceuticals: major,2026-11-12
EMBC,Embecta Corp.,5.24,USD,67.41214057507989,-40.25085518814139,1.5503875968992262,6.072874493927122,5.091057797164122,908747,1643665.8666666667,0.5982180514793759,296896304,USD,-8.054145516074449,-7.600907029478458,Health technology,Medical specialties,2026-12-01
PSNL,"Personalis, Inc.",16.29,USD,66.73490276356193,132.7142857142857,15.45003543586109,0.49352251696482596,3.754319038849417,1690052,3298051.3333333335,0.6571633657860948,1739769838.3843303,USD,29.959890716735455,-13.2574672858797,Health services,Medical/Nursing services,2026-11-10
QMCO,Quantum Corporation,22.825,USD,66.12081513828238,318.80733944954125,-7.5162074554295,-3.201865988125526,7.805883273353155,961160,1934274.4333333333,0.9971963837573063,899533243.2241306,USD,25.692996920013687,10.898127340823969,Electronic technology,Computer peripherals,2026-11-13
PD,"PagerDuty, Inc.",14.84,USD,65.25612472160356,118.87905604719762,19.58098307816277,5.322924059616749,3.8228244127838122,2079362,1464251.2,1.0770447039733027,1167164110.5067425,USD,0.8305580539822219,2.300416866553076,Technology services,Packaged software,2026-11-26
PAYC,"Paycom Software, Inc.",222.85,USD,65.23318751390227,79.71774193548387,-0.7835804282979472,1.7998264126810093,3.138280073079273,854920,848954.5666666667,1.2558154839058429,9868975288.524508,USD,9.842845326716306,9.22863875205756,Technology services,Packaged software,2026-11-03
VEEV,Veeva Systems Inc.,265.67,USD,63.99382716049384,44.511531766753706,5.508339952343131,1.2461890243902587,3.344323516284694,1361766,1830122.9,0.8446363693201159,43014321583.547714,USD,17.600474476004365,16.504217851996668,Technology services,Packaged software,2026-12-09
ODD,ODDITY Tech Ltd.,18.82,USD,62.381363244176015,33.380581148121905,42.792109256449166,2.954048140043759,7.63116745103979,1504208,1339054.2333333334,0.6421035134341154,868064116.4518598,USD,-25.14016753753007,-9.67860781481511,Technology services,Packaged software,2026-11-11
BSIN,Big Sky Industrial Inc.,1.65,USD,61.76470588235293,59.42028985507247,22.222222222222207,5.095541401273875,4.916870129870131,1065245,1111979,1.4530291212818853,86614164.64968151,USD,5.226824457593689,-48.74281877191674,Energy minerals,Oil & gas production,2026-11-17
PCLA,PicoCELA Inc.,7.73,USD,61.377870563674335,233.1896551724138,19.10631741140216,-23.54104846686448,15.252263906856486,263160,828810.3,0.2026438258316513,97195563,USD,,,Electronic technology,Computer communications,
DINO,HF Sinclair Corporation,106.91,USD,61.03328814580508,81.57269021739128,15.105512489233421,-0.8623887240356146,3.6231944091826187,3033431,2538129.966666667,1.242556371192452,19006870115.702427,USD,53.15448113207547,16.25539972603217,Energy minerals,Oil refining/Marketing,2026-10-29
IOND,Ionic Digital Inc.,79.86,USD,59.72,59.72,23.986958546809507,-4.233121477395373,5.794434903939067,462572,747366.5,0.8993836729622798,3593394722.9636645,USD,,,Technology services,Data processing services,2026-12-02
YEXT,"Yext, Inc.",6.48,USD,59.60591133004929,17.818181818181827,5.194805194805199,1.250000000000001,6.167328042328043,1028526,955394.7,0.7157297130549627,641382026.625,USD,-1.7604824305445028,-1.4753467643114642,Technology services,Data processing services,2026-12-09
OKTA,"Okta, Inc.",186.45,USD,59.372595948371654,139.93051087376142,19.381482904341134,11.981981981981974,5.039807684940502,6601187,3657709.3,1.827187199589012,32595329816.22252,USD,10.576923076923077,11.219688744118711,Technology services,Packaged software,2026-12-08
ZETA,Zeta Global Holdings Corp.,31.01,USD,58.9848756729044,75.09881422924902,3.955749245725791,2.750165672630888,4.42626802413966,4289975,8806119.466666667,0.5424934908937511,7783931624.00232,USD,43.5491923927351,35.90911804427817,Technology services,Packaged software,2026-11-10
CRM,"Salesforce, Inc.",259.43,USD,58.13599097863521,34.1416752843847,27.955610357583236,4.727111254642341,3.7107972973717187,12961926,14932938.133333333,0.7928752976327234,213510891052.50748,USD,10.83431027745213,11.229811148802591,Technology services,Packaged software,2026-12-08
DOCU,"DocuSign, Inc.",69.76,USD,57.935250169798515,50.93033318909564,7.405696689761358,6.26047220106626,3.740057749017125,3002525,3206834.2,0.7647348728933353,13038315254.690023,USD,9.381291872960997,8.587977755105864,Technology services,Packaged software,2026-12-03
SBET,"Sharplink, Inc.",9.15,USD,57.21649484536082,12.962962962962973,45.933014354067,3.0405405405405355,5.751990632318358,9211654,8504967.600000024,1.1281926973576408,1987595986.3682432,USD,1553.9454806287429,1496.6773245449936,Commercial services,Advertising/Marketing services,2026-11-12
VLO,Valero Energy Corporation,382.95,USD,56.98532426006395,60.02256487401278,11.673276565962897,-1.913324112494244,3.011219293827969,4815892,2685476.366666672,1.6880951952810093,110261824490.93935,USD,49.03968413303888,12.921579878930906,Energy minerals,Oil refining/Marketing,2026-10-22
LFST,"LifeStance Health Group, Inc.",13.38,USD,56.217162872154134,105.21472392638039,8.957654723127048,3.1611410948342336,3.200886184070063,5241016,4702095.6,1.054337546714293,5111904073.457209,USD,26.075914175916783,20.383932037101886,Health services,Medical/Nursing services,2026-11-05
WK,Workiva Inc.,75.89,USD,55.831622176591374,24.267234321270674,2.3880194279546627,5.608126913442807,3.2876531822374364,1121069,843143.3666666667,1.2707109740051887,4129667290.4991655,USD,18.63634885006994,19.66846638751786,Technology services,Information technology services,2026-11-04
HNST,"The Honest Company, Inc.",5.55,USD,55.46218487394958,101.81818181818181,10.557768924302795,2.5878003696857608,5.11724581724577,1659178,3048978.2333333334,0.738880287604237,595428323.5674676,USD,-10.866797205191581,-12.256306714248698,Retail trade,Specialty stores,2026-11-11
DFDV,DeFi Development Corp.,5.22,USD,54.43786982248521,8.074534161490677,74.58193979933108,2.7559055118110174,10.400656814449919,2153711,1589612.499999998,0.9997449704780345,170280513.31889763,USD,66.86807653575025,328.633672297898,Finance,Financial conglomerates,2026-11-18
ANF,Abercrombie & Fitch Company,140.62,USD,53.347873500545255,63.64482718491795,28.749313312580117,-3.1742752874750297,5.263470955157759,1362853,1997765.3333333333,0.7568257160576756,5967122280.8944435,USD,4.80977361488052,4.729188898131165,Retail trade,Apparel/Footwear retail,2026-11-24
VAI,Valor Energy Incorporated,2.02,USD,53.03030303030303,32.61554621848739,27.0440251572327,1.0000000000000009,12.204985855728399,32220,1307939.1666666667,0.507563835367842,29406128.79,USD,-15.620601452442532,-41.17742707916221,Finance,Finance/Rental/Leasing,
IRD,"Opus Genetics, Inc.",5.97,USD,52.6854219948849,25.420168067226893,59.62566844919784,-1.1589403973509982,8.86886815027518,2543865,3337206.1333333333,0.31128217311449996,496679064.3774834,USD,-73.8029146426093,-36.087153881071266,Health technology,Pharmaceuticals: major,2026-11-17
TASK,"TaskUs, Inc.",8.24,USD,52.59259259259259,-21.598477640342526,12.56830601092896,1.228501228501224,4.1734570041610315,412829,619383.3,0.9261426222263102,755501088.5307126,USD,5.0220003672395155,11.378028353147855,Commercial services,Miscellaneous commercial services,2026-11-09
BMNR,"BitMine Immersion Technologies, Inc.",25.76,USD,51.707891637220264,14.846188140882754,43.111111111111114,2.9165001997602893,6.324991126885498,43898212,39780125.1,1.0398484768675185,15539111959.025167,USD,2167.94557320515,1022.299586706758,Finance,Financial conglomerates,2026-11-20
HTFL,"Heartflow, Inc.",49.54,USD,51.03658536585367,128.71652816251154,26.83051715309779,-0.6816359262229419,4.851375511851903,1619526,2050169.2,0.8508034618292984,4307682849.666399,USD,47.572770817980825,,Technology services,Packaged software,2026-11-18
ALEC,"Alector, Inc.",2.21,USD,50.34013605442177,0.9132420091324209,8.33333333333333,3.2710280373831697,9.47220426632196,2467753,1666379.6,1.4956200250353548,246761807.86448595,USD,-57.83591567183134,-82.9126093923333,Health technology,Biotechnology,2026-11-10
SPSC,"SPS Commerce, Inc.",83.03,USD,50.036140224069385,39.35884525008393,3.296840009952732,0.4233188195452277,4.173009755510003,718966,567611.5,1.2123976643293886,2989094580.461659,USD,5.557630736392743,9.800409925775575,Technology services,Packaged software,2026-10-22
ANDG,Andersen Group Inc.,56.4,USD,48.930551888038025,115.1029748283753,14.031540638900116,5.125815470643056,3.4080547112462543,330719,508597.3333333333,0.8986179685553406,6372548933.748368,USD,23.67564250444625,17.95046028477456,Consumer services,Other consumer services,2026-12-02
ELF,"e.l.f. Beauty, Inc.",96.76,USD,48.861538461538466,31.646258503401366,5.621657024342327,-0.1547827881539485,4.296300124018306,1823667,2170611.3666666667,1.1284894186964571,5709613870.325045,USD,35.516016045728634,31.228295944455493,Consumer non-durables,Household/Personal care,2026-11-11
WGS,GeneDx Holdings Corp.,89.74,USD,48.06137601055931,19.54176102304516,14.056939501779343,5.248343399988265,4.715797780890946,517315,655515.8666666661,1.1411054041564295,2676274745.809652,USD,11.440034277256261,25.420828491862192,Health services,Medical/Nursing services,2026-11-03
LHAI,Linkhome Holdings Inc.,1.08,USD,47.94520547945206,-16.92307692307692,35,3.8461538461538494,11.498855820105762,188928,3562909.566666667,0.018128813545400253,17852400,USD,12.755784076693761,40.94845411112406,Technology services,Packaged software,
SY,So-Young International Inc. - American Depository Shares,2.62,USD,47.19101123595507,-21.556886227544904,19.90846681922197,-3.321033210332098,7.130316248636838,310828,774224.4333333333,0.1572092430910157,272664965,USD,41.74897133284622,30.17546889785062,Technology services,Internet software/Services,2026-11-23
BMEA,"Biomea Fusion, Inc.",1.78,USD,47.10743801652893,47.10743801652893,40.15748031496063,2.2988505747126458,8.979534510433524,1541359,1691791.5333333334,0.771383541758563,129021250.954023,USD,,,Health technology,Pharmaceuticals: major,2026-11-03
NMAX,"Newsmax, Inc.",11.4,USD,47.09677419354839,60.56338028169015,15.209701869631136,0.08779631255487082,4.8194862155388405,1588711,1211866,1.421863049232976,1472431403.4942932,USD,16.528387839519528,,Consumer services,Broadcasting,2026-11-12
MANH,"Manhattan Associates, Inc.",211.54,USD,46.89257690438164,52.85786545270613,4.26853312302839,4.816172827271826,3.1544219938142786,829119,787636.4,1.4666996405597992,12333834562.95937,USD,9.313892834987024,6.476661403624881,Technology services,Packaged software,2026-10-27
CBAT,CBAK Energy Technology Limited,1,USD,46.75667742882301,0,35.13513513513514,0,7.127142857142821,504689,562547.6666666666,0.783917763727597,88645836,USD,99.25638760074337,50.50531955257986,Producer manufacturing,Electrical products,
VIOT,"Viomi Technology Co., Ltd",1.35,USD,46.739130434782616,-8.163265306122442,87.76077885952714,-3.5714285714285587,17.024333333333363,385412,2457665.1666666665,0.05425009135591404,92327979,USD,,-36.89853419027676,Consumer durables,Electronics/Appliances,2027-03-29
MMED,"MiniMed Group, Inc.",21.97,USD,46.07712765957447,30.696014277215944,9.466865969108115,-2.3555555555555605,5.174848819819207,4386491,1756149,1.681720714555454,6181258293.114666,USD,16.43646408839779,,Health technology,Medical specialties,2026-12-30
MATV,"Mativ Holdings, Inc.",11.81,USD,45.26445264452644,37.166085946573766,-2.7983539094650194,-1.0887772194304774,3.646546510221544,427099,621133.0666666667,0.9016498478633846,651795032.5335009,USD,1.2181195279786716,1.0623697453362475,Process industries,Industrial specialties,2026-11-11
FWDI,"Forward Industries, Inc.",6.95,USD,43.59504132231406,32.12927756653993,69.92665036674818,6.106870229007639,7.630318602261045,1706137,1731348.1,0.7914784562807518,513235870.11450386,USD,332.09255045256697,171.5850214312161,Finance,Financial conglomerates,2026-12-17
SLE,"Super League Enterprise, Inc.",4.57,USD,43.2601880877743,-10.742187499999996,47.41935483870969,-6.924643584521382,8.567677399187241,152817,2685548.3333333335,0.4044070168455951,11302390.902240327,USD,0.26657780739753417,-14.297289334119034,Technology services,Internet software/Services,2026-11-12
QNRX,"Quoin Pharmaceuticals, Ltd.",6.88,USD,43.03534303534305,-13.021491782553733,37.6,1.3254786450662719,10.635693521594703,10226,1119748.7,0.0030889088929252056,13637155,USD,,,Health technology,Pharmaceuticals: major,2026-11-05
DGNX,Diginex Limited,1.4,USD,42.857142857142854,-70.52879757494107,13.821138211382108,2.1897810218977956,7.856632653061088,151865,860645.4,0.3952788815948897,40782182.91970803,USD,,77.19026052118593,Technology services,Packaged software,
MGNI,"Magnite, Inc.",23.84,USD,42.15861657722123,96.69966996699671,-3.4817813765182164,0.29448885149348036,3.920991131351891,1403987,2646235.8333333316,0.6236140947862224,3419232131.661758,USD,11.24489419149378,8.315889962252253,Technology services,Packaged software,2026-11-11
SDGR,"Schrodinger, Inc.",20.75,USD,41.252552756977536,72.91666666666667,12.405200433369442,9.095688748685598,5.053012048192775,1949974,1115770.1333333333,2.2140954374151467,1552216791.298633,USD,7.54213919173104,8.87620472685854,Technology services,Packaged software,2026-11-11
BTGO,"BitGo Holdings, Inc.",7.88,USD,41.21863799283154,-25.730442978322333,44.05850091407678,3.006535947712412,5.931472081218291,1362654,1708222.9,0.8294157884171496,926259504.1411766,USD,2201.890153126329,,Technology services,Data processing services,2026-12-02
UROY,Uranium Royalty Corp.,4.24,USD,40.397350993377486,15.846994535519126,3.1630170316301673,-2.6406429391504065,5.696428571428516,3962212,2787338.3333333335,1.266406510016749,1615725451.793341,USD,426255.01741044334,132.4100214858637,Non-energy minerals,Other metals/Minerals,2026-09-14
VFF,"Village Farms International, Inc.",2.84,USD,38.53658536585366,5.576208178438659,14.056224899598378,-1.3888888888888902,4.361670020120624,641558,1021393.4,0.9396051788874351,347293107.77777773,USD,6.808127014507924,-23.876921045008697,Process industries,Agricultural commodities/Milling,2026-11-11
HPQ,HP Inc.,34.02,USD,38.12423873325215,82.90322580645162,8.690095846645374,-4.114994363021403,4.937347778617588,19599253,15476906.300000103,1.193301446575755,30678929956.156715,USD,11.143383394729385,8.674553179021387,Technology services,Information technology services,2026-12-01
BFRI,Biofrontera Inc.,1.36,USD,37.37373737373739,58.13953488372095,6.250000000000005,-12.258064516129028,8.319327731092457,2364268,706610.1666666666,2.867888073824948,20199208.722580645,USD,32.923588039867106,17.826430886218073,Health technology,Pharmaceuticals: major,2026-11-18
NTNX,"Nutanix, Inc.",67.69,USD,37.19092014592621,64.29611650485435,-1.5131674668994706,2.6850728155339745,3.2243737205325655,2556342,2605393.8333333335,1.21187225617107,18297993838.92218,USD,15.891052203769668,12.436055095359324,Technology services,Packaged software,2026-12-02
ESTC,Elastic N.V.,85.11,USD,36.89882580022519,54.82990722212116,-1.046389954656442,2.062597433745052,5.185239270187996,2371230,2902378.2333333334,0.6461697134342248,8935807741.595156,USD,15.128055710735683,16.180880938443646,Technology services,Packaged software,2026-12-02
BOX,"Box, Inc.",34.86,USD,36.065573770491795,44.10913600661429,3.8736591179976076,3.288888888888887,3.2449184493073906,2342735,2989905.3,0.8490859985103252,4782818489.468444,USD,9.23404501375855,9.626509277749747,Technology services,Information technology services,2026-12-08
DXC,DXC Technology Company,12.12,USD,35.41899441340782,3.5012809564474665,7.25663716814158,6.409130816505694,3.568481848184255,2753669,2629957.7999999993,1.2177271799615972,1936517738.6549606,USD,-5.064893953782843,-2.4230107863060812,Technology services,Data processing services,2026-11-04
FRNM,"Freenome, Inc.",14.96,USD,33.33333333333333,34.65346534653467,27.863247863247878,4.105775922059859,5.517522918258194,755693,863599.2333333333,0.8187145336880803,1607404346.6221297,USD,,,Health technology,Medical specialties,2026-12-02
BULL,Webull Corporation,9.04,USD,32.74596182085168,67.5625579240037,13.710691823899358,-1.9522776572668272,5.374841972187483,11389006,15445079.633333333,0.8047445378355402,4789070319.149674,USD,51.20998894620909,47.936676799564324,Technology services,Packaged software,2026-11-19
SRPT,"Sarepta Therapeutics, Inc.",20.92,USD,32.65694356372861,26.176115802171314,14.818880351262365,2.298288508557469,7.406719475553201,2192857,3085090.1666666665,0.6478296365787343,2209717378.0889974,USD,-34.33858459705674,-20.43847125020804,Health technology,Pharmaceuticals: major,2026-11-04
BLSH,Bullish,37.62,USD,32.604864293267525,-4.9039433771486465,37.24917913170375,7.118451025056947,5.154268246373532,2172677,1564799.1333333333,1.7338241005777055,5654368604.393509,USD,65.77618621312804,,Technology services,Packaged software,2026-11-25
PAYP,PayPay Corporation - American Depository Shares,18.68,USD,32.200990799716905,-6.5065065065065095,26.301555104800546,1.2466124661246636,4.307318751911943,514404,839772.2,0.4942964646834937,12336139140,USD,16.415106457972854,,Commercial services,Miscellaneous commercial services,2026-12-02
ALVO,Alvotech,5.05,USD,31.16883116883116,33.24538258575197,21.686746987951793,-4.536862003780722,4.348186704384752,674191,916375.3333333334,0.9011466850338015,1971678845.8884687,USD,-38.9444640063727,-12.166128663657659,Health technology,Biotechnology,2026-11-11
SMMT,Summit Therapeutics Inc.,18.42,USD,30.36093418259024,17.624521072796945,35.34166054371787,4.957264957264963,4.592911431673736,7058776,5729008.366666666,1.1698045679939866,14694547615.206839,USD,,,Health technology,Biotechnology,2026-11-11
AYA,Aya Gold & Silver Inc.,26.91,USD,29.937228392081114,76.45901639344262,-2.3584905660377307,-3.789774758669999,6.032728141423756,2784106,1119031.4666666666,2.4798373915669143,3876013397.739939,USD,140.19103550703832,249.71007353483225,Non-energy minerals,Precious metals,2026-11-17
TALO,"Talos Energy, Inc.",17.66,USD,29.757531227038946,24.191279887482413,12.98784388995521,-0.11312217194569894,3.2235884161139454,2100586,1831973.4,1.2652141723242103,2948610239.55543,USD,56.52934514657858,2.440780209196424,Energy minerals,Oil & gas production,2026-11-04
LPG,Dorian LPG Ltd.,55.38,USD,29.513564078578124,74.04148334380892,20.05202688055495,0.36245016310257855,3.0038306763659,571048,565554.7,1.0152199073045243,2369304860.1507792,USD,123.10944266519084,81.05922022373736,Transportation,Marine shipping,2026-11-04
ACB,Aurora Cannabis Inc.,3.81,USD,29.15254237288135,9.482758620689657,1.0610079575596827,1.871657754010691,3.5879265091863353,605302,1606507.2999999993,0.636913413943528,247046145.21470016,USD,-12.591351453997651,-22.29913146074702,Process industries,Agricultural commodities/Milling,2026-11-11
TARS,"Tarsus Pharmaceuticals, Inc.",79.95,USD,28.681796233703523,14.557959593064902,16.17262423714038,0.8069600302610018,4.7149647100866225,623901,791184.7,0.6621126464161764,3508445390.320263,USD,69.40580557179038,105.1735748051746,Health technology,Pharmaceuticals: major,2026-11-10
CNH,CNH Industrial N.V.,13.75,USD,28.384687208216608,29.83947119924457,32.850241545893724,1.2518409425625916,4.3329350649353096,14832384,22630262.566666666,0.43710327336875887,17018731746.686304,USD,1.952047528113728,0.5973781735715471,Producer manufacturing,Trucks/Construction/Farm machinery,2026-11-10
VET,Vermilion Energy Inc.,13.29,USD,28.281853281853284,7.69854132901134,16.37478108581435,0.45351473922901525,3.0930882511018636,1564230,1284001.3666666667,1.1488082866545584,2032683778.0239909,USD,12.254423677847015,-6.272847583745945,Energy minerals,Oil & gas production,2026-11-11
DOCS,"Doximity, Inc.",26.39,USD,27.796610169491537,6.842105263157899,-0.8453879391320605,3.1665363565285474,3.497834677637933,2405442,6043877.733333333,0.9370884678033493,4703911298.304145,USD,7.336563568701898,11.181813864825079,Technology services,Packaged software,2026-11-05
PRGO,Perrigo Company plc,13.65,USD,27.570093457943937,34.7482724580454,7.311320754716979,-0.07320644216690914,4.225798011511524,1925213,2714904.2666666666,0.7670128227566531,1894200331.4494874,USD,-3.1714475054435294,-4.181885431596479,Health technology,Pharmaceuticals: major,2026-11-11
NEOG,Neogen Corporation,11.95,USD,27.127659574468073,29.609544468546623,0.5046257359125208,1.4431239388794561,3.1410639569634595,1875530,2044420.0666666667,0.8244023409399259,2606366674.639219,USD,-0.07052280015435179,-2.713988873998084,Health technology,Medical specialties,2026-10-08
RSKD,Riskified Ltd.,6.29,USD,27.07070707070707,48,4.833333333333334,3.284072249589494,4.377583465818724,899246,1905375.3333333333,0.4253431779096985,830517335.4367816,USD,21.75055514415132,9.625549021055967,Technology services,Packaged software,2026-11-18
DAIC,"CID HoldCo, Inc.",2.28,USD,26.666666666666654,-61.265661499256744,300.0701877522372,-9.881422924901187,41.64379699248117,424328,11862694.833333334,0.14948131328581715,4474737.011857708,USD,-96.5350158015081,,Miscellaneous,Miscellaneous,
JANX,"Janux Therapeutics, Inc.",17.31,USD,25.708061002178642,24.89177489177489,8.187499999999993,1.2280701754385805,4.466823471156224,869760,799706.6666666666,0.9009768662670474,1058277549.436842,USD,,5366.970387243736,Health technology,Biotechnology,2026-11-10
CHPT,"ChargePoint Holdings, Inc.",8.84,USD,25.568181818181813,62.20183486238531,41.21405750798722,-2.4282560706401837,7.379848093083159,1156530,2659289.033333333,0.16037507018740696,237356880.31788075,USD,17.735064408154987,8.839391447988715,Producer manufacturing,Electrical products,2026-12-09
CRCT,"Cricut, Inc.",5.65,USD,25.27716186252773,38.48039215686275,-4.560810810810803,0.533807829181499,3.900126422250317,554318,904771.9333333333,0.777250451184634,1183360936.4056942,USD,-9.19575625174305,-3.111897688725955,Distribution services,Wholesale distributors,2026-11-10
ALT,"Altimmune, Inc.",3.3,USD,24.99999999999999,-5.71428571428572,11.864406779661005,0.9174311926605444,4.099134199134291,2460903,4156838.2666666666,0.7112979140604948,641908406.972477,USD,-100,55.00000000000001,Health technology,Biotechnology,2026-11-10
VIR,"Vir Biotechnology, Inc.",10.765,USD,24.88399071925756,13.674762407602955,19.611111111111118,1.3653483992467172,5.719992037688231,1841511,1828997.7,0.8412210372615982,1821609764.5965164,USD,19582.537067545305,1495.9315789473685,Health technology,Biotechnology,2026-10-29
SUNE,"SUNation Energy, Inc.",3.24,USD,24.61538461538462,141.7910447761194,28.571428571428577,1.250000000000001,12.1318342151676,631948,5307237.933333334,0.04042293106011201,21102469.3125,USD,-37.52427807971278,10.336308753331092,Industrial services,Engineering & construction,2026-11-16
BIVI,BioVie Inc.,2.05,USD,24.24242424242424,40.41095890410958,44.87632508833921,6.217616580310875,9.344425087107961,509432,9503462.7,1.0850191357323942,17324852.72020725,USD,,,Health technology,Biotechnology,2026-12-02
TYL,"Tyler Technologies, Inc.",359.54,USD,23.962212108674663,4.214492753623194,7.8889722430607705,6.79300204948466,3.5905998935148666,769635,894219.5666666667,0.6401456897347625,14723981297.106483,USD,8.216340080890161,8.189112768562842,Technology services,Data processing services,2026-10-28
XP,XP Inc.,19.595,USD,23.862199747155493,4.0074309978768525,23.045525902668746,-1.334340382678754,3.8074581708161763,5324610,6027208.9,0.6160939911023958,10130919632.19738,USD,20.657860338874652,16.843331464224402,Finance,Investment banks/Brokers,2026-11-24
PHVS,Pharvaris N.V.,38.86,USD,23.20862396956246,45.32535527299925,14.294117647058822,2.209363492898465,5.2181089625762755,997934,891148.8333333334,0.7604512959693873,2714902855.621778,USD,,,Health technology,Biotechnology,2026-11-18
WT,"WisdomTree, Inc.",22.79,USD,22.790948275862075,52.953020134228176,1.0195035460992927,-4.76389469285416,4.709145615244893,3677887,2569464.2666666666,1.4190146943524757,3452961156.134559,USD,57.30636382202253,37.13987511471811,Finance,Investment managers,2026-10-23
HYPD,"Hyperion DeFi, Inc.",3.64,USD,22.558922558922557,-3.1914893617021187,27.719298245614034,4.297994269340971,7.81573783359492,508075,534700.3333333334,0.8353625151880357,56563538.028653294,USD,,3052.0297943201763,Health technology,Pharmaceuticals: major,2026-11-18
SB,"Safe Bulkers, Inc",8.35,USD,22.434017595307907,36.437908496732014,9.007832898172316,-1.880141010575795,3.5124893071001084,1432168,991548.4666666667,0.9545023700472837,850309523.854289,USD,33.036732832081604,10.807256007471453,Transportation,Marine shipping,2026-11-11
DSX,Diana Shipping inc.,2.96,USD,22.31404958677686,21.311475409836067,18.4,-0.33670033670034444,3.3723455598455576,1079294,1089555.5,0.7817470147426732,368264566.9494949,USD,4.748756583338369,-3.680426074388273,Transportation,Marine shipping,2026-11-18
DH,Definitive Healthcare Corp.,1.02,USD,22.25818051060769,-8.108108108108114,61.904761904761905,-2.8571428571428594,6.790259103641335,472089,640809.4333333333,0.3288933209900832,147736154,USD,-9.1440329218107,-4.990078635996179,Technology services,Packaged software,2026-11-05
TVTX,"Travere Therapeutics, Inc.",65.79,USD,22.10467706013364,138.62894450489665,8.278472679394351,-0.5742783738854397,3.483312704926961,924716,1530919.7666666666,0.7498737797833894,6201436142.395195,USD,48.174295974626254,77.11626820341095,Health technology,Pharmaceuticals: major,2026-10-22
SENS,"Senseonics Holdings, Inc.",8.84,USD,21.93103448275862,36.6306027820711,14.211886304909557,1.4925373134328241,5.583710407239868,567460,745770.9333333333,0.9928975264523048,467406639.044776,USD,117.8222289066025,90.62671797691038,Electronic technology,Electronic components,2026-11-10
PRZO,ParaZero Technologies Ltd.,0.7119,USD,21.463914007848494,-38.095652173913045,18.65,-8.283947436227779,12.249413039552097,812991,4046756.566666667,0.6058386050445229,20760764.948209222,USD,,102.55337599052368,Electronic technology,Electronic equipment/Instruments,
GO,Grocery Outlet Holding Corp.,11.66,USD,21.205821205821216,94.0099833610649,9.380863039399625,3.644444444444446,4.350588091154236,1927034,2827974.7,0.71008442485853,1155325218.177778,USD,1.1012297291341038,5.123935579743298,Retail trade,Food retail,2026-11-10
FSM,Fortuna Mining Corp.,11.63,USD,21.145833333333346,16.82571572074335,9.40733772342427,-3.002502085070888,3.9676943864390344,3339741,5366492.7,0.7481481225939796,3441984209.384569,USD,33.317742627407846,2.0535018684888495,Non-energy minerals,Precious metals,2026-11-11
TDW,Tidewater Inc.,88.58,USD,20.33691074582258,16.399474375821296,-4.23783783783784,-4.721953318274713,4.407508950746817,842894,659507.3,1.3989575045168938,4407406858.068624,USD,0.25070951378170114,-1.0215273509978564,Transportation,Marine shipping,2026-11-11